[{"time-tag": "2024-10", "predicted_ssn": 159.2, "high25_ssn": 163.0, "high_ssn": 167.4, "high75_ssn": 176.1, "low25_ssn": 152.0, "low_ssn": 146.1, "low75_ssn": 140.1, "predicted_f10.7": 192.9, "high25_f10.7": 195.7, "high_f10.7": 199.1, "high75_f10.7": 205.5, "low25_f10.7": 187.4, "low_f10.7": 183.0, "low75_f10.7": 178.4}, {"time-tag": "2024-11", "predicted_ssn": 159.7, "high25_ssn": 163.8, "high_ssn": 169.1, "high75_ssn": 177.8, "low25_ssn": 152.5, "low_ssn": 146.5, "low75_ssn": 140.2, "predicted_f10.7": 193.9, "high25_f10.7": 197.0, "high_f10.7": 201.0, "high75_f10.7": 207.3, "low25_f10.7": 188.4, "low_f10.7": 183.9, "low75_f10.7": 179.1}, {"time-tag": "2024-12", "predicted_ssn": 157.3, "high25_ssn": 162.2, "high_ssn": 168.4, "high75_ssn": 176.9, "low25_ssn": 150.2, "low_ssn": 144.1, "low75_ssn": 137.5, "predicted_f10.7": 192.6, "high25_f10.7": 196.3, "high_f10.7": 200.9, "high75_f10.7": 207.2, "low25_f10.7": 187.3, "low_f10.7": 182.6, "low75_f10.7": 177.6}, {"time-tag": "2025-01", "predicted_ssn": 155.5, "high25_ssn": 161.0, "high_ssn": 168.4, "high75_ssn": 176.6, "low25_ssn": 148.6, "low_ssn": 142.0, "low75_ssn": 135.3, "predicted_f10.7": 191.6, "high25_f10.7": 195.7, "high_f10.7": 201.2, "high75_f10.7": 207.2, "low25_f10.7": 186.4, "low_f10.7": 181.4, "low75_f10.7": 176.3}, {"time-tag": "2025-02", "predicted_ssn": 151.0, "high25_ssn": 156.7, "high_ssn": 164.6, "high75_ssn": 173.5, "low25_ssn": 144.3, "low_ssn": 137.6, "low75_ssn": 130.7, "predicted_f10.7": 189.3, "high25_f10.7": 193.6, "high_f10.7": 199.5, "high75_f10.7": 206.0, "low25_f10.7": 184.2, "low_f10.7": 179.2, "low75_f10.7": 173.9}, {"time-tag": "2025-03", "predicted_ssn": 144.9, "high25_ssn": 150.7, "high_ssn": 159.0, "high75_ssn": 167.9, "low25_ssn": 138.2, "low_ssn": 131.7, "low75_ssn": 124.7, "predicted_f10.7": 183.3, "high25_f10.7": 187.7, "high_f10.7": 193.9, "high75_f10.7": 200.4, "low25_f10.7": 178.2, "low_f10.7": 173.3, "low75_f10.7": 168.0}, {"time-tag": "2025-04", "predicted_ssn": 144.9, "high25_ssn": 151.1, "high_ssn": 159.6, "high75_ssn": 167.9, "low25_ssn": 138.2, "low_ssn": 131.9, "low75_ssn": 125.1, "predicted_f10.7": 183.1, "high25_f10.7": 187.7, "high_f10.7": 194.1, "high75_f10.7": 200.2, "low25_f10.7": 178.0, "low_f10.7": 173.2, "low75_f10.7": 168.1}, {"time-tag": "2025-05", "predicted_ssn": 144.6, "high25_ssn": 151.1, "high_ssn": 159.5, "high75_ssn": 167.4, "low25_ssn": 138.1, "low_ssn": 132.0, "low75_ssn": 125.5, "predicted_f10.7": 182.2, "high25_f10.7": 187.1, "high_f10.7": 193.4, "high75_f10.7": 199.2, "low25_f10.7": 177.3, "low_f10.7": 172.6, "low75_f10.7": 167.7}, {"time-tag": "2025-06", "predicted_ssn": 143.9, "high25_ssn": 150.4, "high_ssn": 158.6, "high75_ssn": 166.4, "low25_ssn": 137.4, "low_ssn": 131.8, "low75_ssn": 125.3, "predicted_f10.7": 180.6, "high25_f10.7": 185.6, "high_f10.7": 191.7, "high75_f10.7": 197.5, "low25_f10.7": 175.7, "low_f10.7": 171.4, "low75_f10.7": 166.5}, {"time-tag": "2025-07", "predicted_ssn": 142.7, "high25_ssn": 149.2, "high_ssn": 157.4, "high75_ssn": 164.8, "low25_ssn": 136.3, "low_ssn": 131.1, "low75_ssn": 124.4, "predicted_f10.7": 178.4, "high25_f10.7": 183.3, "high_f10.7": 189.5, "high75_f10.7": 195.0, "low25_f10.7": 173.5, "low_f10.7": 169.6, "low75_f10.7": 164.5}, {"time-tag": "2025-08", "predicted_ssn": 140.9, "high25_ssn": 147.1, "high_ssn": 156.2, "high75_ssn": 162.6, "low25_ssn": 134.8, "low_ssn": 129.5, "low75_ssn": 122.8, "predicted_f10.7": 175.5, "high25_f10.7": 180.2, "high_f10.7": 187.0, "high75_f10.7": 191.8, "low25_f10.7": 170.9, "low_f10.7": 166.8, "low75_f10.7": 161.8}, {"time-tag": "2025-09", "predicted_ssn": 138.7, "high25_ssn": 144.4, "high_ssn": 153.7, "high75_ssn": 159.7, "low25_ssn": 132.0, "low_ssn": 127.6, "low75_ssn": 120.8, "predicted_f10.7": 172.3, "high25_f10.7": 176.6, "high_f10.7": 183.6, "high75_f10.7": 188.1, "low25_f10.7": 167.2, "low_f10.7": 163.8, "low75_f10.7": 158.7}, {"time-tag": "2025-10", "predicted_ssn": 136.2, "high25_ssn": 141.4, "high_ssn": 150.5, "high75_ssn": 156.5, "low25_ssn": 129.7, "low_ssn": 125.6, "low75_ssn": 118.5, "predicted_f10.7": 169.0, "high25_f10.7": 172.9, "high_f10.7": 179.8, "high75_f10.7": 184.3, "low25_f10.7": 164.0, "low_f10.7": 160.9, "low75_f10.7": 155.5}, {"time-tag": "2025-11", "predicted_ssn": 133.5, "high25_ssn": 138.2, "high_ssn": 147.0, "high75_ssn": 152.7, "low25_ssn": 126.5, "low_ssn": 123.2, "low75_ssn": 116.0, "predicted_f10.7": 165.6, "high25_f10.7": 169.1, "high_f10.7": 175.8, "high75_f10.7": 180.1, "low25_f10.7": 160.3, "low_f10.7": 157.7, "low75_f10.7": 152.3}, {"time-tag": "2025-12", "predicted_ssn": 130.8, "high25_ssn": 135.4, "high_ssn": 143.4, "high75_ssn": 149.0, "low25_ssn": 123.8, "low_ssn": 120.5, "low75_ssn": 113.5, "predicted_f10.7": 162.4, "high25_f10.7": 165.9, "high_f10.7": 172.0, "high75_f10.7": 176.2, "low25_f10.7": 157.1, "low_f10.7": 154.7, "low75_f10.7": 149.3}, {"time-tag": "2026-01", "predicted_ssn": 127.9, "high25_ssn": 132.0, "high_ssn": 139.4, "high75_ssn": 144.7, "low25_ssn": 120.5, "low_ssn": 117.0, "low75_ssn": 110.4, "predicted_f10.7": 159.3, "high25_f10.7": 162.4, "high_f10.7": 167.9, "high75_f10.7": 172.0, "low25_f10.7": 153.6, "low_f10.7": 151.0, "low75_f10.7": 146.0}, {"time-tag": "2026-02", "predicted_ssn": 125.2, "high25_ssn": 128.9, "high_ssn": 135.7, "high75_ssn": 140.8, "low25_ssn": 117.7, "low_ssn": 113.9, "low75_ssn": 107.5, "predicted_f10.7": 156.4, "high25_f10.7": 159.2, "high_f10.7": 164.3, "high75_f10.7": 168.2, "low25_f10.7": 150.7, "low_f10.7": 147.8, "low75_f10.7": 143.1}, {"time-tag": "2026-03", "predicted_ssn": 122.7, "high25_ssn": 126.5, "high_ssn": 132.6, "high75_ssn": 137.4, "low25_ssn": 115.2, "low_ssn": 111.3, "low75_ssn": 105.2, "predicted_f10.7": 153.8, "high25_f10.7": 156.7, "high_f10.7": 161.3, "high75_f10.7": 165.0, "low25_f10.7": 148.2, "low_f10.7": 145.2, "low75_f10.7": 140.7}, {"time-tag": "2026-04", "predicted_ssn": 120.0, "high25_ssn": 124.1, "high_ssn": 129.7, "high75_ssn": 134.1, "low25_ssn": 112.9, "low_ssn": 108.5, "low75_ssn": 102.7, "predicted_f10.7": 151.1, "high25_f10.7": 154.3, "high_f10.7": 158.5, "high75_f10.7": 161.8, "low25_f10.7": 145.8, "low_f10.7": 142.5, "low75_f10.7": 138.1}, {"time-tag": "2026-05", "predicted_ssn": 117.4, "high25_ssn": 121.7, "high_ssn": 127.0, "high75_ssn": 131.4, "low25_ssn": 110.5, "low_ssn": 105.8, "low75_ssn": 99.9, "predicted_f10.7": 148.6, "high25_f10.7": 151.8, "high_f10.7": 155.9, "high75_f10.7": 159.2, "low25_f10.7": 143.4, "low_f10.7": 139.9, "low75_f10.7": 135.5}, {"time-tag": "2026-06", "predicted_ssn": 114.7, "high25_ssn": 119.2, "high_ssn": 124.7, "high75_ssn": 129.0, "low25_ssn": 108.2, "low_ssn": 102.9, "low75_ssn": 97.0, "predicted_f10.7": 146.0, "high25_f10.7": 149.4, "high_f10.7": 153.6, "high75_f10.7": 156.8, "low25_f10.7": 141.1, "low_f10.7": 137.1, "low75_f10.7": 132.8}, {"time-tag": "2026-07", "predicted_ssn": 112.0, "high25_ssn": 116.6, "high_ssn": 122.5, "high75_ssn": 126.8, "low25_ssn": 105.7, "low_ssn": 99.8, "low75_ssn": 93.8, "predicted_f10.7": 143.4, "high25_f10.7": 146.9, "high_f10.7": 151.3, "high75_f10.7": 154.6, "low25_f10.7": 138.7, "low_f10.7": 134.3, "low75_f10.7": 129.9}, {"time-tag": "2026-08", "predicted_ssn": 109.2, "high25_ssn": 114.0, "high_ssn": 119.9, "high75_ssn": 124.9, "low25_ssn": 102.7, "low_ssn": 96.5, "low75_ssn": 90.5, "predicted_f10.7": 140.8, "high25_f10.7": 144.4, "high_f10.7": 148.9, "high75_f10.7": 152.6, "low25_f10.7": 136.0, "low_f10.7": 131.4, "low75_f10.7": 127.0}, {"time-tag": "2026-09", "predicted_ssn": 106.4, "high25_ssn": 111.6, "high_ssn": 117.6, "high75_ssn": 123.3, "low25_ssn": 99.8, "low_ssn": 93.3, "low75_ssn": 87.4, "predicted_f10.7": 138.2, "high25_f10.7": 142.1, "high_f10.7": 146.6, "high75_f10.7": 150.9, "low25_f10.7": 133.3, "low_f10.7": 128.5, "low75_f10.7": 124.2}, {"time-tag": "2026-10", "predicted_ssn": 103.7, "high25_ssn": 109.6, "high_ssn": 115.3, "high75_ssn": 122.0, "low25_ssn": 97.0, "low_ssn": 90.2, "low75_ssn": 84.3, "predicted_f10.7": 135.6, "high25_f10.7": 140.0, "high_f10.7": 144.4, "high75_f10.7": 149.4, "low25_f10.7": 130.7, "low_f10.7": 125.7, "low75_f10.7": 121.5}, {"time-tag": "2026-11", "predicted_ssn": 100.8, "high25_ssn": 107.5, "high_ssn": 112.9, "high75_ssn": 120.4, "low25_ssn": 94.1, "low_ssn": 86.8, "low75_ssn": 81.1, "predicted_f10.7": 133.0, "high25_f10.7": 138.0, "high_f10.7": 142.0, "high75_f10.7": 147.7, "low25_f10.7": 128.1, "low_f10.7": 122.8, "low75_f10.7": 118.7}, {"time-tag": "2026-12", "predicted_ssn": 98.0, "high25_ssn": 105.8, "high_ssn": 110.8, "high75_ssn": 118.5, "low25_ssn": 91.2, "low_ssn": 83.8, "low75_ssn": 78.1, "predicted_f10.7": 130.5, "high25_f10.7": 136.2, "high_f10.7": 140.0, "high75_f10.7": 145.8, "low25_f10.7": 125.5, "low_f10.7": 120.2, "low75_f10.7": 116.2}, {"time-tag": "2027-01", "predicted_ssn": 95.1, "high25_ssn": 103.8, "high_ssn": 108.5, "high75_ssn": 116.4, "low25_ssn": 88.1, "low_ssn": 80.5, "low75_ssn": 75.0, "predicted_f10.7": 127.9, "high25_f10.7": 134.3, "high_f10.7": 137.8, "high75_f10.7": 143.7, "low25_f10.7": 122.8, "low_f10.7": 117.4, "low75_f10.7": 113.5}, {"time-tag": "2027-02", "predicted_ssn": 92.2, "high25_ssn": 101.7, "high_ssn": 106.3, "high75_ssn": 114.6, "low25_ssn": 85.0, "low_ssn": 77.6, "low75_ssn": 71.8, "predicted_f10.7": 125.3, "high25_f10.7": 132.3, "high_f10.7": 135.7, "high75_f10.7": 141.9, "low25_f10.7": 120.1, "low_f10.7": 114.9, "low75_f10.7": 110.9}, {"time-tag": "2027-03", "predicted_ssn": 89.6, "high25_ssn": 99.8, "high_ssn": 104.7, "high75_ssn": 113.3, "low25_ssn": 82.5, "low_ssn": 74.7, "low75_ssn": 69.0, "predicted_f10.7": 123.0, "high25_f10.7": 130.5, "high_f10.7": 134.1, "high75_f10.7": 140.5, "low25_f10.7": 117.9, "low_f10.7": 112.5, "low75_f10.7": 108.6}, {"time-tag": "2027-04", "predicted_ssn": 86.7, "high25_ssn": 97.6, "high_ssn": 102.9, "high75_ssn": 111.8, "low25_ssn": 79.7, "low_ssn": 71.7, "low75_ssn": 66.1, "predicted_f10.7": 120.5, "high25_f10.7": 128.4, "high_f10.7": 132.3, "high75_f10.7": 139.0, "low25_f10.7": 115.5, "low_f10.7": 110.0, "low75_f10.7": 106.2}, {"time-tag": "2027-05", "predicted_ssn": 83.9, "high25_ssn": 95.5, "high_ssn": 100.8, "high75_ssn": 110.0, "low25_ssn": 77.1, "low_ssn": 69.4, "low75_ssn": 63.3, "predicted_f10.7": 118.1, "high25_f10.7": 126.5, "high_f10.7": 130.4, "high75_f10.7": 137.3, "low25_f10.7": 113.4, "low_f10.7": 108.1, "low75_f10.7": 104.0}, {"time-tag": "2027-06", "predicted_ssn": 81.0, "high25_ssn": 93.4, "high_ssn": 98.5, "high75_ssn": 107.6, "low25_ssn": 74.6, "low_ssn": 66.9, "low75_ssn": 60.5, "predicted_f10.7": 115.7, "high25_f10.7": 124.6, "high_f10.7": 128.3, "high75_f10.7": 135.1, "low25_f10.7": 111.2, "low_f10.7": 106.0, "low75_f10.7": 101.7}, {"time-tag": "2027-07", "predicted_ssn": 78.3, "high25_ssn": 91.1, "high_ssn": 96.0, "high75_ssn": 104.8, "low25_ssn": 71.1, "low_ssn": 63.8, "low75_ssn": 57.6, "predicted_f10.7": 113.4, "high25_f10.7": 122.6, "high_f10.7": 126.2, "high75_f10.7": 132.7, "low25_f10.7": 108.5, "low_f10.7": 103.5, "low75_f10.7": 99.6}, {"time-tag": "2027-08", "predicted_ssn": 75.5, "high25_ssn": 88.6, "high_ssn": 93.4, "high75_ssn": 101.7, "low25_ssn": 67.9, "low_ssn": 60.5, "low75_ssn": 54.6, "predicted_f10.7": 111.1, "high25_f10.7": 120.4, "high_f10.7": 123.9, "high75_f10.7": 130.1, "low25_f10.7": 106.0, "low_f10.7": 101.1, "low75_f10.7": 97.3}, {"time-tag": "2027-09", "predicted_ssn": 72.7, "high25_ssn": 85.6, "high_ssn": 90.8, "high75_ssn": 98.6, "low25_ssn": 64.5, "low_ssn": 57.4, "low75_ssn": 51.6, "predicted_f10.7": 108.9, "high25_f10.7": 118.0, "high_f10.7": 121.7, "high75_f10.7": 127.4, "low25_f10.7": 103.4, "low_f10.7": 98.8, "low75_f10.7": 95.1}, {"time-tag": "2027-10", "predicted_ssn": 70.0, "high25_ssn": 83.0, "high_ssn": 88.5, "high75_ssn": 95.9, "low25_ssn": 61.6, "low_ssn": 54.9, "low75_ssn": 49.0, "predicted_f10.7": 106.8, "high25_f10.7": 115.9, "high_f10.7": 119.7, "high75_f10.7": 125.1, "low25_f10.7": 101.2, "low_f10.7": 96.9, "low75_f10.7": 93.2}, {"time-tag": "2027-11", "predicted_ssn": 67.3, "high25_ssn": 80.5, "high_ssn": 86.1, "high75_ssn": 93.1, "low25_ssn": 58.5, "low_ssn": 52.4, "low75_ssn": 46.7, "predicted_f10.7": 104.7, "high25_f10.7": 113.8, "high_f10.7": 117.8, "high75_f10.7": 122.9, "low25_f10.7": 98.9, "low_f10.7": 95.1, "low75_f10.7": 91.5}, {"time-tag": "2027-12", "predicted_ssn": 64.7, "high25_ssn": 78.0, "high_ssn": 83.7, "high75_ssn": 90.4, "low25_ssn": 55.6, "low_ssn": 50.1, "low75_ssn": 44.5, "predicted_f10.7": 102.7, "high25_f10.7": 111.8, "high_f10.7": 115.8, "high75_f10.7": 120.7, "low25_f10.7": 96.8, "low_f10.7": 93.4, "low75_f10.7": 90.0}, {"time-tag": "2028-01", "predicted_ssn": 62.1, "high25_ssn": 75.2, "high_ssn": 81.1, "high75_ssn": 87.7, "low25_ssn": 52.7, "low_ssn": 47.8, "low75_ssn": 42.2, "predicted_f10.7": 100.8, "high25_f10.7": 109.7, "high_f10.7": 113.8, "high75_f10.7": 118.5, "low25_f10.7": 94.8, "low_f10.7": 91.8, "low75_f10.7": 88.4}, {"time-tag": "2028-02", "predicted_ssn": 59.5, "high25_ssn": 72.2, "high_ssn": 78.5, "high75_ssn": 84.8, "low25_ssn": 50.1, "low_ssn": 45.8, "low75_ssn": 40.0, "predicted_f10.7": 98.9, "high25_f10.7": 107.4, "high_f10.7": 111.7, "high75_f10.7": 116.2, "low25_f10.7": 93.0, "low_f10.7": 90.3, "low75_f10.7": 86.9}, {"time-tag": "2028-03", "predicted_ssn": 57.1, "high25_ssn": 68.8, "high_ssn": 75.7, "high75_ssn": 82.2, "low25_ssn": 47.5, "low_ssn": 43.7, "low75_ssn": 38.2, "predicted_f10.7": 97.2, "high25_f10.7": 104.9, "high_f10.7": 109.6, "high75_f10.7": 114.2, "low25_f10.7": 91.2, "low_f10.7": 88.9, "low75_f10.7": 85.7}, {"time-tag": "2028-04", "predicted_ssn": 54.7, "high25_ssn": 65.5, "high_ssn": 72.8, "high75_ssn": 79.8, "low25_ssn": 44.7, "low_ssn": 41.5, "low75_ssn": 36.3, "predicted_f10.7": 95.5, "high25_f10.7": 102.5, "high_f10.7": 107.5, "high75_f10.7": 112.3, "low25_f10.7": 89.3, "low_f10.7": 87.4, "low75_f10.7": 84.5}, {"time-tag": "2028-05", "predicted_ssn": 52.3, "high25_ssn": 62.3, "high_ssn": 70.2, "high75_ssn": 77.5, "low25_ssn": 42.2, "low_ssn": 39.4, "low75_ssn": 34.5, "predicted_f10.7": 93.9, "high25_f10.7": 100.3, "high_f10.7": 105.6, "high75_f10.7": 110.6, "low25_f10.7": 87.7, "low_f10.7": 86.1, "low75_f10.7": 83.3}, {"time-tag": "2028-06", "predicted_ssn": 50.0, "high25_ssn": 59.2, "high_ssn": 67.5, "high75_ssn": 75.1, "low25_ssn": 39.7, "low_ssn": 37.1, "low75_ssn": 32.6, "predicted_f10.7": 92.3, "high25_f10.7": 98.1, "high_f10.7": 103.6, "high75_f10.7": 108.8, "low25_f10.7": 86.2, "low_f10.7": 84.7, "low75_f10.7": 82.2}, {"time-tag": "2028-07", "predicted_ssn": 47.8, "high25_ssn": 56.3, "high_ssn": 64.8, "high75_ssn": 72.7, "low25_ssn": 37.3, "low_ssn": 35.0, "low75_ssn": 30.7, "predicted_f10.7": 90.8, "high25_f10.7": 96.2, "high_f10.7": 101.7, "high75_f10.7": 107.0, "low25_f10.7": 84.7, "low_f10.7": 83.4, "low75_f10.7": 81.0}, {"time-tag": "2028-08", "predicted_ssn": 45.5, "high25_ssn": 53.6, "high_ssn": 62.1, "high75_ssn": 70.3, "low25_ssn": 34.9, "low_ssn": 32.7, "low75_ssn": 28.7, "predicted_f10.7": 89.4, "high25_f10.7": 94.4, "high_f10.7": 99.8, "high75_f10.7": 105.3, "low25_f10.7": 83.2, "low_f10.7": 82.0, "low75_f10.7": 79.8}, {"time-tag": "2028-09", "predicted_ssn": 43.4, "high25_ssn": 51.0, "high_ssn": 59.3, "high75_ssn": 68.5, "low25_ssn": 32.5, "low_ssn": 30.3, "low75_ssn": 26.6, "predicted_f10.7": 88.0, "high25_f10.7": 92.7, "high_f10.7": 98.0, "high75_f10.7": 104.0, "low25_f10.7": 81.8, "low_f10.7": 80.6, "low75_f10.7": 78.7}, {"time-tag": "2028-10", "predicted_ssn": 41.3, "high25_ssn": 48.5, "high_ssn": 56.7, "high75_ssn": 67.1, "low25_ssn": 30.4, "low_ssn": 28.1, "low75_ssn": 24.6, "predicted_f10.7": 86.8, "high25_f10.7": 91.0, "high_f10.7": 96.2, "high75_f10.7": 103.0, "low25_f10.7": 80.6, "low_f10.7": 79.4, "low75_f10.7": 77.6}, {"time-tag": "2028-11", "predicted_ssn": 39.3, "high25_ssn": 46.0, "high_ssn": 54.2, "high75_ssn": 66.0, "low25_ssn": 28.5, "low_ssn": 25.6, "low75_ssn": 22.6, "predicted_f10.7": 85.5, "high25_f10.7": 89.5, "high_f10.7": 94.5, "high75_f10.7": 102.2, "low25_f10.7": 79.6, "low_f10.7": 78.0, "low75_f10.7": 76.5}, {"time-tag": "2028-12", "predicted_ssn": 37.4, "high25_ssn": 43.9, "high_ssn": 51.9, "high75_ssn": 64.9, "low25_ssn": 27.3, "low_ssn": 23.4, "low75_ssn": 20.5, "predicted_f10.7": 84.4, "high25_f10.7": 88.2, "high_f10.7": 93.1, "high75_f10.7": 101.5, "low25_f10.7": 78.9, "low_f10.7": 76.9, "low75_f10.7": 75.4}, {"time-tag": "2029-01", "predicted_ssn": 35.5, "high25_ssn": 41.9, "high_ssn": 49.5, "high75_ssn": 63.6, "low25_ssn": 25.7, "low_ssn": 21.2, "low75_ssn": 18.4, "predicted_f10.7": 83.3, "high25_f10.7": 87.0, "high_f10.7": 91.6, "high75_f10.7": 100.6, "low25_f10.7": 78.0, "low_f10.7": 75.8, "low75_f10.7": 74.4}, {"time-tag": "2029-02", "predicted_ssn": 33.6, "high25_ssn": 40.0, "high_ssn": 47.6, "high75_ssn": 62.3, "low25_ssn": 23.9, "low_ssn": 18.9, "low75_ssn": 16.4, "predicted_f10.7": 82.3, "high25_f10.7": 85.9, "high_f10.7": 90.4, "high75_f10.7": 99.7, "low25_f10.7": 77.1, "low_f10.7": 74.6, "low75_f10.7": 73.4}, {"time-tag": "2029-03", "predicted_ssn": 32.0, "high25_ssn": 38.3, "high_ssn": 45.8, "high75_ssn": 61.0, "low25_ssn": 22.1, "low_ssn": 16.7, "low75_ssn": 14.5, "predicted_f10.7": 81.4, "high25_f10.7": 84.9, "high_f10.7": 89.3, "high75_f10.7": 98.9, "low25_f10.7": 76.2, "low_f10.7": 73.5, "low75_f10.7": 72.5}, {"time-tag": "2029-04", "predicted_ssn": 30.3, "high25_ssn": 36.6, "high_ssn": 44.0, "high75_ssn": 59.5, "low25_ssn": 20.2, "low_ssn": 14.4, "low75_ssn": 12.5, "predicted_f10.7": 80.4, "high25_f10.7": 83.9, "high_f10.7": 88.2, "high75_f10.7": 97.9, "low25_f10.7": 75.2, "low_f10.7": 72.5, "low75_f10.7": 71.6}, {"time-tag": "2029-05", "predicted_ssn": 28.7, "high25_ssn": 35.0, "high_ssn": 42.1, "high75_ssn": 58.0, "low25_ssn": 18.2, "low_ssn": 12.2, "low75_ssn": 10.7, "predicted_f10.7": 79.6, "high25_f10.7": 83.0, "high_f10.7": 87.1, "high75_f10.7": 96.9, "low25_f10.7": 74.3, "low_f10.7": 71.5, "low75_f10.7": 70.8}, {"time-tag": "2029-06", "predicted_ssn": 27.1, "high25_ssn": 34.1, "high_ssn": 40.5, "high75_ssn": 56.5, "low25_ssn": 16.4, "low_ssn": 10.2, "low75_ssn": 9.2, "predicted_f10.7": 78.8, "high25_f10.7": 82.5, "high_f10.7": 86.2, "high75_f10.7": 95.9, "low25_f10.7": 73.4, "low_f10.7": 70.6, "low75_f10.7": 70.1}, {"time-tag": "2029-07", "predicted_ssn": 25.6, "high25_ssn": 33.4, "high_ssn": 39.2, "high75_ssn": 54.9, "low25_ssn": 14.8, "low_ssn": 8.7, "low75_ssn": 7.7, "predicted_f10.7": 78.0, "high25_f10.7": 82.2, "high_f10.7": 85.4, "high75_f10.7": 95.0, "low25_f10.7": 72.7, "low_f10.7": 69.9, "low75_f10.7": 69.5}, {"time-tag": "2029-08", "predicted_ssn": 24.2, "high25_ssn": 32.6, "high_ssn": 38.0, "high75_ssn": 53.0, "low25_ssn": 13.5, "low_ssn": 7.4, "low75_ssn": 6.2, "predicted_f10.7": 77.3, "high25_f10.7": 81.8, "high_f10.7": 84.8, "high75_f10.7": 93.8, "low25_f10.7": 72.1, "low_f10.7": 69.4, "low75_f10.7": 68.9}, {"time-tag": "2029-09", "predicted_ssn": 22.8, "high25_ssn": 31.9, "high_ssn": 36.8, "high75_ssn": 50.9, "low25_ssn": 12.5, "low_ssn": 6.4, "low75_ssn": 4.8, "predicted_f10.7": 76.6, "high25_f10.7": 81.4, "high_f10.7": 84.1, "high75_f10.7": 92.5, "low25_f10.7": 71.7, "low_f10.7": 69.0, "low75_f10.7": 68.4}, {"time-tag": "2029-10", "predicted_ssn": 21.5, "high25_ssn": 31.1, "high_ssn": 35.8, "high75_ssn": 48.5, "low25_ssn": 11.8, "low_ssn": 5.8, "low75_ssn": 3.9, "predicted_f10.7": 76.0, "high25_f10.7": 81.0, "high_f10.7": 83.6, "high75_f10.7": 91.1, "low25_f10.7": 71.4, "low_f10.7": 68.8, "low75_f10.7": 68.0}, {"time-tag": "2029-11", "predicted_ssn": 20.2, "high25_ssn": 30.3, "high_ssn": 34.7, "high75_ssn": 46.0, "low25_ssn": 11.3, "low_ssn": 5.4, "low75_ssn": 3.1, "predicted_f10.7": 75.4, "high25_f10.7": 80.6, "high_f10.7": 83.0, "high75_f10.7": 89.6, "low25_f10.7": 71.2, "low_f10.7": 68.7, "low75_f10.7": 67.8}, {"time-tag": "2029-12", "predicted_ssn": 19.0, "high25_ssn": 29.4, "high_ssn": 33.5, "high75_ssn": 43.6, "low25_ssn": 10.5, "low_ssn": 5.1, "low75_ssn": 2.2, "predicted_f10.7": 74.8, "high25_f10.7": 80.2, "high_f10.7": 82.4, "high75_f10.7": 88.2, "low25_f10.7": 70.9, "low_f10.7": 68.6, "low75_f10.7": 67.8}, {"time-tag": "2030-01", "predicted_ssn": 17.9, "high25_ssn": 28.4, "high_ssn": 32.2, "high75_ssn": 41.2, "low25_ssn": 9.6, "low_ssn": 4.6, "low75_ssn": 1.1, "predicted_f10.7": 74.3, "high25_f10.7": 79.7, "high_f10.7": 81.7, "high75_f10.7": 86.8, "low25_f10.7": 70.5, "low_f10.7": 68.4, "low75_f10.7": 67.8}, {"time-tag": "2030-02", "predicted_ssn": 16.7, "high25_ssn": 27.2, "high_ssn": 30.7, "high75_ssn": 38.4, "low25_ssn": 8.6, "low_ssn": 3.9, "low75_ssn": 0.0, "predicted_f10.7": 73.8, "high25_f10.7": 79.0, "high_f10.7": 80.9, "high75_f10.7": 85.2, "low25_f10.7": 70.2, "low_f10.7": 68.2, "low75_f10.7": 67.8}, {"time-tag": "2030-03", "predicted_ssn": 15.8, "high25_ssn": 26.0, "high_ssn": 29.1, "high75_ssn": 36.1, "low25_ssn": 7.6, "low_ssn": 3.1, "low75_ssn": 0.0, "predicted_f10.7": 73.4, "high25_f10.7": 78.5, "high_f10.7": 80.1, "high75_f10.7": 83.9, "low25_f10.7": 69.8, "low_f10.7": 67.9, "low75_f10.7": 67.8}, {"time-tag": "2030-04", "predicted_ssn": 14.8, "high25_ssn": 24.6, "high_ssn": 27.5, "high75_ssn": 34.2, "low25_ssn": 6.5, "low_ssn": 2.1, "low75_ssn": 0.0, "predicted_f10.7": 73.0, "high25_f10.7": 77.8, "high_f10.7": 79.3, "high75_f10.7": 82.9, "low25_f10.7": 69.3, "low_f10.7": 67.8, "low75_f10.7": 67.8}, {"time-tag": "2030-05", "predicted_ssn": 13.9, "high25_ssn": 23.2, "high_ssn": 25.8, "high75_ssn": 32.3, "low25_ssn": 6.2, "low_ssn": 1.6, "low75_ssn": 0.0, "predicted_f10.7": 72.6, "high25_f10.7": 77.1, "high_f10.7": 78.5, "high75_f10.7": 81.9, "low25_f10.7": 69.3, "low_f10.7": 67.8, "low75_f10.7": 67.8}, {"time-tag": "2030-06", "predicted_ssn": 13.0, "high25_ssn": 21.6, "high_ssn": 24.1, "high75_ssn": 30.3, "low25_ssn": 5.6, "low_ssn": 0.8, "low75_ssn": 0.0, "predicted_f10.7": 72.2, "high25_f10.7": 76.4, "high_f10.7": 77.6, "high75_f10.7": 80.9, "low25_f10.7": 69.0, "low_f10.7": 67.8, "low75_f10.7": 67.8}, {"time-tag": "2030-07", "predicted_ssn": 12.1, "high25_ssn": 20.1, "high_ssn": 22.3, "high75_ssn": 28.6, "low25_ssn": 4.8, "low_ssn": 0.0, "low75_ssn": 0.0, "predicted_f10.7": 71.9, "high25_f10.7": 75.7, "high_f10.7": 76.8, "high75_f10.7": 80.0, "low25_f10.7": 68.8, "low_f10.7": 67.8, "low75_f10.7": 67.8}, {"time-tag": "2030-08", "predicted_ssn": 11.3, "high25_ssn": 18.5, "high_ssn": 20.6, "high75_ssn": 26.7, "low25_ssn": 3.8, "low_ssn": 0.0, "low75_ssn": 0.0, "predicted_f10.7": 71.6, "high25_f10.7": 74.9, "high_f10.7": 75.9, "high75_f10.7": 79.1, "low25_f10.7": 68.4, "low_f10.7": 67.8, "low75_f10.7": 67.8}, {"time-tag": "2030-09", "predicted_ssn": 10.6, "high25_ssn": 16.7, "high_ssn": 18.5, "high75_ssn": 24.8, "low25_ssn": 2.1, "low_ssn": 0.0, "low75_ssn": 0.0, "predicted_f10.7": 71.3, "high25_f10.7": 74.1, "high_f10.7": 75.0, "high75_f10.7": 78.1, "low25_f10.7": 67.8, "low_f10.7": 67.8, "low75_f10.7": 67.8}, {"time-tag": "2030-10", "predicted_ssn": 9.9, "high25_ssn": 15.2, "high_ssn": 16.9, "high75_ssn": 23.3, "low25_ssn": 0.1, "low_ssn": 0.0, "low75_ssn": 0.0, "predicted_f10.7": 71.0, "high25_f10.7": 73.5, "high_f10.7": 74.3, "high75_f10.7": 77.4, "low25_f10.7": 67.8, "low_f10.7": 67.8, "low75_f10.7": 67.8}, {"time-tag": "2030-11", "predicted_ssn": 9.2, "high25_ssn": 13.8, "high_ssn": 15.4, "high75_ssn": 21.9, "low25_ssn": 0.0, "low_ssn": 0.0, "low75_ssn": 0.0, "predicted_f10.7": 70.8, "high25_f10.7": 72.8, "high_f10.7": 73.6, "high75_f10.7": 76.7, "low25_f10.7": 67.8, "low_f10.7": 67.8, "low75_f10.7": 67.8}, {"time-tag": "2030-12", "predicted_ssn": 8.5, "high25_ssn": 12.6, "high_ssn": 14.0, "high75_ssn": 20.7, "low25_ssn": 0.0, "low_ssn": 0.0, "low75_ssn": 0.0, "predicted_f10.7": 70.5, "high25_f10.7": 72.3, "high_f10.7": 73.0, "high75_f10.7": 76.2, "low25_f10.7": 67.8, "low_f10.7": 67.8, "low75_f10.7": 67.8}]